pi_rx_time_ns,topic,type,node,protocol,exp,boot_id,seq,trigger,t_local_us,wifi_rssi,rtt_us,old_state,new_state,ha_time,event_id,ha_context_id,mqtt_retain,pipeline_version
1777783022107705000,iotbench/zigbee/event,event,light.benchmark_device,zigbee,W3_zigbee_auto_baseline_ch1,,0,state_changed,0,,,off,on,2026-05-03T07:30:52.079912+03:00,01KQP1MZ2YJZZH0XE94HDKRYQ5,01KQP1MZ2YJZZH0XE94HDKRYQ5,0,0.4.7
1777783025189680000,iotbench/zigbee/event,event,light.benchmark_device,zigbee,W3_zigbee_auto_baseline_ch1,,0,state_changed,0,,,on,off,2026-05-03T07:30:55.182023+03:00,01KQP1N23BJKTZ7TZ48KWCPM8D,01KQP1N23BJKTZ7TZ48KWCPM8D,0,0.4.7
1777783028253227000,iotbench/zigbee/event,event,light.benchmark_device,zigbee,W3_zigbee_auto_baseline_ch1,,0,state_changed,0,,,off,on,2026-05-03T07:30:58.236156+03:00,01KQP1N53HW61NPBQR1GS1R94M,01KQP1N53HW61NPBQR1GS1R94M,0,0.4.7
1777783031342652000,iotbench/zigbee/event,event,light.benchmark_device,zigbee,W3_zigbee_auto_baseline_ch1,,0,state_changed,0,,,on,off,2026-05-03T07:31:01.336177+03:00,01KQP1N84YY1YEJN5H3W6CZ6XP,01KQP1N84YY1YEJN5H3W6CZ6XP,0,0.4.7
1777783034196110000,iotbench/zigbee/event,event,light.benchmark_device,zigbee,W3_zigbee_auto_baseline_ch1,,0,state_changed,0,,,off,on,2026-05-03T07:31:04.189032+03:00,01KQP1NAXYXMY7G5YDF3KH2SAK,01KQP1NAXYXMY7G5YDF3KH2SAK,0,0.4.7
1777783037430957000,iotbench/zigbee/event,event,light.benchmark_device,zigbee,W3_zigbee_auto_baseline_ch1,,0,state_changed,0,,,on,off,2026-05-03T07:31:07.413931+03:00,01KQP1NE2PHY9ZZ2CD0G183C10,01KQP1NE2PHY9ZZ2CD0G183C10,0,0.4.7
1777783040579386000,iotbench/zigbee/event,event,light.benchmark_device,zigbee,W3_zigbee_auto_baseline_ch1,,0,state_changed,0,,,off,on,2026-05-03T07:31:10.572621+03:00,01KQP1NH5D3VFZKZ93N8Z60QBK,01KQP1NH5D3VFZKZ93N8Z60QBK,0,0.4.7
1777783043574983000,iotbench/zigbee/event,event,light.benchmark_device,zigbee,W3_zigbee_auto_baseline_ch1,,0,state_changed,0,,,on,off,2026-05-03T07:31:13.567927+03:00,01KQP1NM30505BX2WDQ8FPVSPN,01KQP1NM30505BX2WDQ8FPVSPN,0,0.4.7
1777783046758308000,iotbench/zigbee/event,event,light.benchmark_device,zigbee,W3_zigbee_auto_baseline_ch1,,0,state_changed,0,,,off,on,2026-05-03T07:31:16.751830+03:00,01KQP1NQ6CQSWC9SQTAFGACARK,01KQP1NQ6CQSWC9SQTAFGACARK,0,0.4.7
1777783049988105000,iotbench/zigbee/event,event,light.benchmark_device,zigbee,W3_zigbee_auto_baseline_ch1,,0,state_changed,0,,,on,off,2026-05-03T07:31:19.975394+03:00,01KQP1NTB8W3XS73C33JMNMY6M,01KQP1NTB8W3XS73C33JMNMY6M,0,0.4.7
1777783053017771000,iotbench/zigbee/event,event,light.benchmark_device,zigbee,W3_zigbee_auto_baseline_ch1,,0,state_changed,0,,,off,on,2026-05-03T07:31:23.006794+03:00,01KQP1NX9FRW7WJP4WGJ8RGJSY,01KQP1NX9FRW7WJP4WGJ8RGJSY,0,0.4.7
1777783056236173000,iotbench/zigbee/event,event,light.benchmark_device,zigbee,W3_zigbee_auto_baseline_ch1,,0,state_changed,0,,,on,off,2026-05-03T07:31:26.215360+03:00,01KQP1P0E8V75C1M7BA9455JRD,01KQP1P0E8V75C1M7BA9455JRD,0,0.4.7
1777783058977350000,iotbench/zigbee/event,event,light.benchmark_device,zigbee,W3_zigbee_auto_baseline_ch1,,0,state_changed,0,,,off,on,2026-05-03T07:31:28.970385+03:00,01KQP1P34CTCZP5ZT2D4WSS3Z1,01KQP1P34CTCZP5ZT2D4WSS3Z1,0,0.4.7
1777783062105474000,iotbench/zigbee/event,event,light.benchmark_device,zigbee,W3_zigbee_auto_baseline_ch1,,0,state_changed,0,,,on,off,2026-05-03T07:31:32.087308+03:00,01KQP1P65SKHF1P1YCRBJ43PB4,01KQP1P65SKHF1P1YCRBJ43PB4,0,0.4.7
1777783065333479000,iotbench/zigbee/event,event,light.benchmark_device,zigbee,W3_zigbee_auto_baseline_ch1,,0,state_changed,0,,,off,on,2026-05-03T07:31:35.315605+03:00,01KQP1P9AGF7CKT6RGCV23R3D5,01KQP1P9AGF7CKT6RGCV23R3D5,0,0.4.7
1777783068156996000,iotbench/zigbee/event,event,light.benchmark_device,zigbee,W3_zigbee_auto_baseline_ch1,,0,state_changed,0,,,on,off,2026-05-03T07:31:38.150132+03:00,01KQP1PC3980D57RVXH9Z44Z21,01KQP1PC3980D57RVXH9Z44Z21,0,0.4.7
1777783071035900000,iotbench/zigbee/event,event,light.benchmark_device,zigbee,W3_zigbee_auto_baseline_ch1,,0,state_changed,0,,,off,on,2026-05-03T07:31:41.029145+03:00,01KQP1PEWZ2G1BM38RME9TG911,01KQP1PEWZ2G1BM38RME9TG911,0,0.4.7
1777783073844978000,iotbench/zigbee/event,event,light.benchmark_device,zigbee,W3_zigbee_auto_baseline_ch1,,0,state_changed,0,,,on,off,2026-05-03T07:31:43.838264+03:00,01KQP1PHMZSBWVXDXFVE1Y66DR,01KQP1PHMZSBWVXDXFVE1Y66DR,0,0.4.7
1777783076971939000,iotbench/zigbee/event,event,light.benchmark_device,zigbee,W3_zigbee_auto_baseline_ch1,,0,state_changed,0,,,off,on,2026-05-03T07:31:46.965265+03:00,01KQP1PMPQ9NMPAQSFZBGBQAYD,01KQP1PMPQ9NMPAQSFZBGBQAYD,0,0.4.7
1777783080207025000,iotbench/zigbee/event,event,light.benchmark_device,zigbee,W3_zigbee_auto_baseline_ch1,,0,state_changed,0,,,on,off,2026-05-03T07:31:50.186143+03:00,01KQP1PQVDZX1VZV06JN6YDX5W,01KQP1PQVDZX1VZV06JN6YDX5W,0,0.4.7
1777783083088062000,iotbench/zigbee/event,event,light.benchmark_device,zigbee,W3_zigbee_auto_baseline_ch1,,0,state_changed,0,,,off,on,2026-05-03T07:31:53.082009+03:00,01KQP1PTNWQP9H4JE4E58N0NDZ,01KQP1PTNWQP9H4JE4E58N0NDZ,0,0.4.7
1777783085913565000,iotbench/zigbee/event,event,light.benchmark_device,zigbee,W3_zigbee_auto_baseline_ch1,,0,state_changed,0,,,on,off,2026-05-03T07:31:55.907198+03:00,01KQP1PXE4H138952V4WWRZC86,01KQP1PXE4H138952V4WWRZC86,0,0.4.7
1777783088785951000,iotbench/zigbee/event,event,light.benchmark_device,zigbee,W3_zigbee_auto_baseline_ch1,,0,state_changed,0,,,off,on,2026-05-03T07:31:58.777069+03:00,01KQP1Q07YK02TRH2JP7J19SZR,01KQP1Q07YK02TRH2JP7J19SZR,0,0.4.7
1777783091996089000,iotbench/zigbee/event,event,light.benchmark_device,zigbee,W3_zigbee_auto_baseline_ch1,,0,state_changed,0,,,on,off,2026-05-03T07:32:01.989082+03:00,01KQP1Q3BZHWJB88RHXS4PXH2Z,01KQP1Q3BZHWJB88RHXS4PXH2Z,0,0.4.7
1777783094849815000,iotbench/zigbee/event,event,light.benchmark_device,zigbee,W3_zigbee_auto_baseline_ch1,,0,state_changed,0,,,off,on,2026-05-03T07:32:04.839769+03:00,01KQP1Q65A36MJ0P86YCS25CCW,01KQP1Q65A36MJ0P86YCS25CCW,0,0.4.7
1777783097662646000,iotbench/zigbee/event,event,light.benchmark_device,zigbee,W3_zigbee_auto_baseline_ch1,,0,state_changed,0,,,on,off,2026-05-03T07:32:07.655990+03:00,01KQP1Q8X9FDSMMFVEJJ4201HW,01KQP1Q8X9FDSMMFVEJJ4201HW,0,0.4.7
1777783100775958000,iotbench/zigbee/event,event,light.benchmark_device,zigbee,W3_zigbee_auto_baseline_ch1,,0,state_changed,0,,,off,on,2026-05-03T07:32:10.769405+03:00,01KQP1QBYM0GSP9CW9283J5XM3,01KQP1QBYM0GSP9CW9283J5XM3,0,0.4.7
1777783103958697000,iotbench/zigbee/event,event,light.benchmark_device,zigbee,W3_zigbee_auto_baseline_ch1,,0,state_changed,0,,,on,off,2026-05-03T07:32:13.947775+03:00,01KQP1QF1N8WVVYCZMKHQST181,01KQP1QF1N8WVVYCZMKHQST181,0,0.4.7
1777783107150219000,iotbench/zigbee/event,event,light.benchmark_device,zigbee,W3_zigbee_auto_baseline_ch1,,0,state_changed,0,,,off,on,2026-05-03T07:32:17.138468+03:00,01KQP1QJ5F7DHAKSQ6KKMH0Q6S,01KQP1QJ5F7DHAKSQ6KKMH0Q6S,0,0.4.7
1777783110311315000,iotbench/zigbee/event,event,light.benchmark_device,zigbee,W3_zigbee_auto_baseline_ch1,,0,state_changed,0,,,on,off,2026-05-03T07:32:20.304758+03:00,01KQP1QN8KQ6T55TSCXZ957X8E,01KQP1QN8KQ6T55TSCXZ957X8E,0,0.4.7
1777783113375559000,iotbench/zigbee/event,event,light.benchmark_device,zigbee,W3_zigbee_auto_baseline_ch1,,0,state_changed,0,,,off,on,2026-05-03T07:32:23.366316+03:00,01KQP1QR7J8M3R9GHRX3HXZM3A,01KQP1QR7J8M3R9GHRX3HXZM3A,0,0.4.7
1777783116131330000,iotbench/zigbee/event,event,light.benchmark_device,zigbee,W3_zigbee_auto_baseline_ch1,,0,state_changed,0,,,on,off,2026-05-03T07:32:26.124918+03:00,01KQP1QTYG9X29NNJ6KM25BYSX,01KQP1QTYG9X29NNJ6KM25BYSX,0,0.4.7
1777783118908486000,iotbench/zigbee/event,event,light.benchmark_device,zigbee,W3_zigbee_auto_baseline_ch1,,0,state_changed,0,,,off,on,2026-05-03T07:32:28.894091+03:00,01KQP1QXMY2BEAK4NN34P2W0JB,01KQP1QXMY2BEAK4NN34P2W0JB,0,0.4.7
1777783121697301000,iotbench/zigbee/event,event,light.benchmark_device,zigbee,W3_zigbee_auto_baseline_ch1,,0,state_changed,0,,,on,off,2026-05-03T07:32:31.691040+03:00,01KQP1R0CBBV6S2JCC6F3KD0W7,01KQP1R0CBBV6S2JCC6F3KD0W7,0,0.4.7
1777783124606469000,iotbench/zigbee/event,event,light.benchmark_device,zigbee,W3_zigbee_auto_baseline_ch1,,0,state_changed,0,,,off,on,2026-05-03T07:32:34.600185+03:00,01KQP1R37B7X3CM9MJYM1MFN5E,01KQP1R37B7X3CM9MJYM1MFN5E,0,0.4.7
1777783127784144000,iotbench/zigbee/event,event,light.benchmark_device,zigbee,W3_zigbee_auto_baseline_ch1,,0,state_changed,0,,,on,off,2026-05-03T07:32:37.774936+03:00,01KQP1R6AGA4YMBWSPA16STRSK,01KQP1R6AGA4YMBWSPA16STRSK,0,0.4.7
1777783131008425000,iotbench/zigbee/event,event,light.benchmark_device,zigbee,W3_zigbee_auto_baseline_ch1,,0,state_changed,0,,,off,on,2026-05-03T07:32:41.001960+03:00,01KQP1R9F2DAZH9E6FJNN7Z36S,01KQP1R9F2DAZH9E6FJNN7Z36S,0,0.4.7
1777783133891135000,iotbench/zigbee/event,event,light.benchmark_device,zigbee,W3_zigbee_auto_baseline_ch1,,0,state_changed,0,,,on,off,2026-05-03T07:32:43.878781+03:00,01KQP1RC8QACAC0HA5ER08316G,01KQP1RC8QACAC0HA5ER08316G,0,0.4.7
1777783136702274000,iotbench/zigbee/event,event,light.benchmark_device,zigbee,W3_zigbee_auto_baseline_ch1,,0,state_changed,0,,,off,on,2026-05-03T07:32:46.695952+03:00,01KQP1RF1AT9HNNARNVMXMTX5K,01KQP1RF1AT9HNNARNVMXMTX5K,0,0.4.7
1777783139828667000,iotbench/zigbee/event,event,light.benchmark_device,zigbee,W3_zigbee_auto_baseline_ch1,,0,state_changed,0,,,on,off,2026-05-03T07:32:49.822318+03:00,01KQP1RJ2YVP5MH6F50WG0007T,01KQP1RJ2YVP5MH6F50WG0007T,0,0.4.7
1777783142728336000,iotbench/zigbee/event,event,light.benchmark_device,zigbee,W3_zigbee_auto_baseline_ch1,,0,state_changed,0,,,off,on,2026-05-03T07:32:52.722153+03:00,01KQP1RMXK194FZSZMJXGVFQEF,01KQP1RMXK194FZSZMJXGVFQEF,0,0.4.7
1777783145677581000,iotbench/zigbee/event,event,light.benchmark_device,zigbee,W3_zigbee_auto_baseline_ch1,,0,state_changed,0,,,on,off,2026-05-03T07:32:55.671424+03:00,01KQP1RQSS9VMF7P8RJAJS7WFH,01KQP1RQSS9VMF7P8RJAJS7WFH,0,0.4.7
1777783148858697000,iotbench/zigbee/event,event,light.benchmark_device,zigbee,W3_zigbee_auto_baseline_ch1,,0,state_changed,0,,,off,on,2026-05-03T07:32:58.852438+03:00,01KQP1RTX7ZB5V82S7784KF798,01KQP1RTX7ZB5V82S7784KF798,0,0.4.7
1777783151757038000,iotbench/zigbee/event,event,light.benchmark_device,zigbee,W3_zigbee_auto_baseline_ch1,,0,state_changed,0,,,on,off,2026-05-03T07:33:01.750972+03:00,01KQP1RXQSXZV94A9K0X6T22Q5,01KQP1RXQSXZV94A9K0X6T22Q5,0,0.4.7
1777783154546408000,iotbench/zigbee/event,event,light.benchmark_device,zigbee,W3_zigbee_auto_baseline_ch1,,0,state_changed,0,,,off,on,2026-05-03T07:33:04.537983+03:00,01KQP1S0EVDN7YPE9PEQ90ASVV,01KQP1S0EVDN7YPE9PEQ90ASVV,0,0.4.7
1777783157621698000,iotbench/zigbee/event,event,light.benchmark_device,zigbee,W3_zigbee_auto_baseline_ch1,,0,state_changed,0,,,on,off,2026-05-03T07:33:07.604299+03:00,01KQP1S3E8MBK99GY6J8RYJ474,01KQP1S3E8MBK99GY6J8RYJ474,0,0.4.7
1777783160422784000,iotbench/zigbee/event,event,light.benchmark_device,zigbee,W3_zigbee_auto_baseline_ch1,,0,state_changed,0,,,off,on,2026-05-03T07:33:10.414577+03:00,01KQP1S66EPAK4R2PAYNM7XWJB,01KQP1S66EPAK4R2PAYNM7XWJB,0,0.4.7
1777783163628702000,iotbench/zigbee/event,event,light.benchmark_device,zigbee,W3_zigbee_auto_baseline_ch1,,0,state_changed,0,,,on,off,2026-05-03T07:33:13.622567+03:00,01KQP1S9ASN1ARPXCCH4M2Q9C2,01KQP1S9ASN1ARPXCCH4M2Q9C2,0,0.4.7
1777783166704629000,iotbench/zigbee/event,event,light.benchmark_device,zigbee,W3_zigbee_auto_baseline_ch1,,0,state_changed,0,,,off,on,2026-05-03T07:33:16.691548+03:00,01KQP1SCAAGD45ZFGAWYCWMC3C,01KQP1SCAAGD45ZFGAWYCWMC3C,0,0.4.7
1777783169934574000,iotbench/zigbee/event,event,light.benchmark_device,zigbee,W3_zigbee_auto_baseline_ch1,,0,state_changed,0,,,on,off,2026-05-03T07:33:19.916467+03:00,01KQP1SFFEGXSY0GQBTAMQ9E48,01KQP1SFFEGXSY0GQBTAMQ9E48,0,0.4.7
1777783172860719000,iotbench/zigbee/event,event,light.benchmark_device,zigbee,W3_zigbee_auto_baseline_ch1,,0,state_changed,0,,,off,on,2026-05-03T07:33:22.854716+03:00,01KQP1SJB7WMJFHR8A99H3EAYS,01KQP1SJB7WMJFHR8A99H3EAYS,0,0.4.7
1777783176094009000,iotbench/zigbee/event,event,light.benchmark_device,zigbee,W3_zigbee_auto_baseline_ch1,,0,state_changed,0,,,on,off,2026-05-03T07:33:26.087825+03:00,01KQP1SNG6NTBG4EK0Y4GN9Z8C,01KQP1SNG6NTBG4EK0Y4GN9Z8C,0,0.4.7
1777783179298153000,iotbench/zigbee/event,event,light.benchmark_device,zigbee,W3_zigbee_auto_baseline_ch1,,0,state_changed,0,,,off,on,2026-05-03T07:33:29.280580+03:00,01KQP1SRKW950DEJ8K2KVHGHPP,01KQP1SRKW950DEJ8K2KVHGHPP,0,0.4.7
1777783182496902000,iotbench/zigbee/event,event,light.benchmark_device,zigbee,W3_zigbee_auto_baseline_ch1,,0,state_changed,0,,,on,off,2026-05-03T07:33:32.491056+03:00,01KQP1SVRB4VW81MP47CSJAX1S,01KQP1SVRB4VW81MP47CSJAX1S,0,0.4.7
1777783185429817000,iotbench/zigbee/event,event,light.benchmark_device,zigbee,W3_zigbee_auto_baseline_ch1,,0,state_changed,0,,,off,on,2026-05-03T07:33:35.423667+03:00,01KQP1SYM07AV80GS6RSVZHRGW,01KQP1SYM07AV80GS6RSVZHRGW,0,0.4.7
1777783188532412000,iotbench/zigbee/event,event,light.benchmark_device,zigbee,W3_zigbee_auto_baseline_ch1,,0,state_changed,0,,,on,off,2026-05-03T07:33:38.526344+03:00,01KQP1T1N07WRYG8S7D1VPDWHT,01KQP1T1N07WRYG8S7D1VPDWHT,0,0.4.7
1777783191294880000,iotbench/zigbee/event,event,light.benchmark_device,zigbee,W3_zigbee_auto_baseline_ch1,,0,state_changed,0,,,off,on,2026-05-03T07:33:41.288989+03:00,01KQP1T4BA4BAQH5TD0GXSGEQR,01KQP1T4BA4BAQH5TD0GXSGEQR,0,0.4.7
1777783194498736000,iotbench/zigbee/event,event,light.benchmark_device,zigbee,W3_zigbee_auto_baseline_ch1,,0,state_changed,0,,,on,off,2026-05-03T07:33:44.492792+03:00,01KQP1T7FECDZ31JM8YDHQRYBT,01KQP1T7FECDZ31JM8YDHQRYBT,0,0.4.7
1777783197610586000,iotbench/zigbee/event,event,light.benchmark_device,zigbee,W3_zigbee_auto_baseline_ch1,,0,state_changed,0,,,off,on,2026-05-03T07:33:47.604446+03:00,01KQP1TAFNM6T20Z1F2NTY8CPW,01KQP1TAFNM6T20Z1F2NTY8CPW,0,0.4.7
1777783200440420000,iotbench/zigbee/event,event,light.benchmark_device,zigbee,W3_zigbee_auto_baseline_ch1,,0,state_changed,0,,,on,off,2026-05-03T07:33:50.434612+03:00,01KQP1TD8V4QCE55JN8X3NWPA9,01KQP1TD8V4QCE55JN8X3NWPA9,0,0.4.7
1777783203278747000,iotbench/zigbee/event,event,light.benchmark_device,zigbee,W3_zigbee_auto_baseline_ch1,,0,state_changed,0,,,off,on,2026-05-03T07:33:53.260100+03:00,01KQP1TG1EJWPN3G6E445GK58Y,01KQP1TG1EJWPN3G6E445GK58Y,0,0.4.7
1777783206420527000,iotbench/zigbee/event,event,light.benchmark_device,zigbee,W3_zigbee_auto_baseline_ch1,,0,state_changed,0,,,on,off,2026-05-03T07:33:56.414827+03:00,01KQP1TK3ZGKN3S1WBZRV81F71,01KQP1TK3ZGKN3S1WBZRV81F71,0,0.4.7
1777783209232192000,iotbench/zigbee/event,event,light.benchmark_device,zigbee,W3_zigbee_auto_baseline_ch1,,0,state_changed,0,,,off,on,2026-05-03T07:33:59.221806+03:00,01KQP1TNVNJ78ANYRT8V8DTZ1C,01KQP1TNVNJ78ANYRT8V8DTZ1C,0,0.4.7
1777783212358464000,iotbench/zigbee/event,event,light.benchmark_device,zigbee,W3_zigbee_auto_baseline_ch1,,0,state_changed,0,,,on,off,2026-05-03T07:34:02.340754+03:00,01KQP1TRX79YAFT9C3H24Y7QVR,01KQP1TRX79YAFT9C3H24Y7QVR,0,0.4.7
1777783215137733000,iotbench/zigbee/event,event,light.benchmark_device,zigbee,W3_zigbee_auto_baseline_ch1,,0,state_changed,0,,,off,on,2026-05-03T07:34:05.131577+03:00,01KQP1TVMCDYHCZMZHTKCP5PM6,01KQP1TVMCDYHCZMZHTKCP5PM6,0,0.4.7
1777783218378907000,iotbench/zigbee/event,event,light.benchmark_device,zigbee,W3_zigbee_auto_baseline_ch1,,0,state_changed,0,,,on,off,2026-05-03T07:34:08.362381+03:00,01KQP1TYS9R7GGT018YBD3RNWZ,01KQP1TYS9R7GGT018YBD3RNWZ,0,0.4.7
1777783221186472000,iotbench/zigbee/event,event,light.benchmark_device,zigbee,W3_zigbee_auto_baseline_ch1,,0,state_changed,0,,,off,on,2026-05-03T07:34:11.179164+03:00,01KQP1V1HE09PA43WYX9D1622H,01KQP1V1HE09PA43WYX9D1622H,0,0.4.7
1777783224176548000,iotbench/zigbee/event,event,light.benchmark_device,zigbee,W3_zigbee_auto_baseline_ch1,,0,state_changed,0,,,on,off,2026-05-03T07:34:14.170757+03:00,01KQP1V4EW85NHP910HPG23C8F,01KQP1V4EW85NHP910HPG23C8F,0,0.4.7
1777783227390810000,iotbench/zigbee/event,event,light.benchmark_device,zigbee,W3_zigbee_auto_baseline_ch1,,0,state_changed,0,,,off,on,2026-05-03T07:34:17.374560+03:00,01KQP1V7K0G6T1A3FPWXGNJ25K,01KQP1V7K0G6T1A3FPWXGNJ25K,0,0.4.7
1777783230499242000,iotbench/zigbee/event,event,light.benchmark_device,zigbee,W3_zigbee_auto_baseline_ch1,,0,state_changed,0,,,on,off,2026-05-03T07:34:20.490129+03:00,01KQP1VAKA9GHNYQ55WPGHW7WD,01KQP1VAKA9GHNYQ55WPGHW7WD,0,0.4.7
1777783233215038000,iotbench/zigbee/event,event,light.benchmark_device,zigbee,W3_zigbee_auto_baseline_ch1,,0,state_changed,0,,,off,on,2026-05-03T07:34:23.209197+03:00,01KQP1VD9BJB69Q1W9RSF8HSK4,01KQP1VD9BJB69Q1W9RSF8HSK4,0,0.4.7
1777783235977835000,iotbench/zigbee/event,event,light.benchmark_device,zigbee,W3_zigbee_auto_baseline_ch1,,0,state_changed,0,,,on,off,2026-05-03T07:34:25.972003+03:00,01KQP1VFZKBTXYDNNACATSEB7B,01KQP1VFZKBTXYDNNACATSEB7B,0,0.4.7
1777783239090234000,iotbench/zigbee/event,event,light.benchmark_device,zigbee,W3_zigbee_auto_baseline_ch1,,0,state_changed,0,,,off,on,2026-05-03T07:34:29.080679+03:00,01KQP1VK0HCSTZZ42CQK0JB6PS,01KQP1VK0HCSTZZ42CQK0JB6PS,0,0.4.7
1777783242254073000,iotbench/zigbee/event,event,light.benchmark_device,zigbee,W3_zigbee_auto_baseline_ch1,,0,state_changed,0,,,on,off,2026-05-03T07:34:32.248418+03:00,01KQP1VP3V86RVJ9TQBA0K1J22,01KQP1VP3V86RVJ9TQBA0K1J22,0,0.4.7
1777783245196952000,iotbench/zigbee/event,event,light.benchmark_device,zigbee,W3_zigbee_auto_baseline_ch1,,0,state_changed,0,,,off,on,2026-05-03T07:34:35.179656+03:00,01KQP1VRZEV58HENP159QWACQE,01KQP1VRZEV58HENP159QWACQE,0,0.4.7
1777783248450845000,iotbench/zigbee/event,event,light.benchmark_device,zigbee,W3_zigbee_auto_baseline_ch1,,0,state_changed,0,,,on,off,2026-05-03T07:34:38.434494+03:00,01KQP1VW52AN1N4YESZMJZQNCE,01KQP1VW52AN1N4YESZMJZQNCE,0,0.4.7
1777783251553763000,iotbench/zigbee/event,event,light.benchmark_device,zigbee,W3_zigbee_auto_baseline_ch1,,0,state_changed,0,,,off,on,2026-05-03T07:34:41.548383+03:00,01KQP1VZ5HQ928HN4MYZJ7CXXK,01KQP1VZ5HQ928HN4MYZJ7CXXK,0,0.4.7
1777783254593519000,iotbench/zigbee/event,event,light.benchmark_device,zigbee,W3_zigbee_auto_baseline_ch1,,0,state_changed,0,,,on,off,2026-05-03T07:34:44.575712+03:00,01KQP1W24FFXAEP49N2ABN4VKE,01KQP1W24FFXAEP49N2ABN4VKE,0,0.4.7
1777783257459588000,iotbench/zigbee/event,event,light.benchmark_device,zigbee,W3_zigbee_auto_baseline_ch1,,0,state_changed,0,,,off,on,2026-05-03T07:34:47.454222+03:00,01KQP1W4YZ854JE3N27HS0KXM7,01KQP1W4YZ854JE3N27HS0KXM7,0,0.4.7
1777783260564325000,iotbench/zigbee/event,event,light.benchmark_device,zigbee,W3_zigbee_auto_baseline_ch1,,0,state_changed,0,,,on,off,2026-05-03T07:34:50.550436+03:00,01KQP1W7ZQW0VMMJFMJGNRDEF9,01KQP1W7ZQW0VMMJFMJGNRDEF9,0,0.4.7
1777783263445215000,iotbench/zigbee/event,event,light.benchmark_device,zigbee,W3_zigbee_auto_baseline_ch1,,0,state_changed,0,,,off,on,2026-05-03T07:34:53.431902+03:00,01KQP1WASJM26JXJA1H06KJXHB,01KQP1WASJM26JXJA1H06KJXHB,0,0.4.7
1777783266535139000,iotbench/zigbee/event,event,light.benchmark_device,zigbee,W3_zigbee_auto_baseline_ch1,,0,state_changed,0,,,on,off,2026-05-03T07:34:56.519691+03:00,01KQP1WDTBDJ7E5TBAM8NPA4XF,01KQP1WDTBDJ7E5TBAM8NPA4XF,0,0.4.7
1777783269287778000,iotbench/zigbee/event,event,light.benchmark_device,zigbee,W3_zigbee_auto_baseline_ch1,,0,state_changed,0,,,off,on,2026-05-03T07:34:59.281846+03:00,01KQP1WGGTT1CRMFT0E6T3RKNK,01KQP1WGGTT1CRMFT0E6T3RKNK,0,0.4.7
1777783272428303000,iotbench/zigbee/event,event,light.benchmark_device,zigbee,W3_zigbee_auto_baseline_ch1,,0,state_changed,0,,,on,off,2026-05-03T07:35:02.421345+03:00,01KQP1WKJXJGZFZ9SM28NVA5GX,01KQP1WKJXJGZFZ9SM28NVA5GX,0,0.4.7
1777783275471926000,iotbench/zigbee/event,event,light.benchmark_device,zigbee,W3_zigbee_auto_baseline_ch1,,0,state_changed,0,,,off,on,2026-05-03T07:35:05.459897+03:00,01KQP1WPH339TV1PR6SVWKHCKX,01KQP1WPH339TV1PR6SVWKHCKX,0,0.4.7
1777783278198190000,iotbench/zigbee/event,event,light.benchmark_device,zigbee,W3_zigbee_auto_baseline_ch1,,0,state_changed,0,,,on,off,2026-05-03T07:35:08.192708+03:00,01KQP1WS72N3JBEKF5Q588HC3T,01KQP1WS72N3JBEKF5Q588HC3T,0,0.4.7
1777783280996204000,iotbench/zigbee/event,event,light.benchmark_device,zigbee,W3_zigbee_auto_baseline_ch1,,0,state_changed,0,,,off,on,2026-05-03T07:35:10.990821+03:00,01KQP1WVYG6569VA9MHG0TKBTE,01KQP1WVYG6569VA9MHG0TKBTE,0,0.4.7
1777783284233541000,iotbench/zigbee/event,event,light.benchmark_device,zigbee,W3_zigbee_auto_baseline_ch1,,0,state_changed,0,,,on,off,2026-05-03T07:35:14.228190+03:00,01KQP1WZ3Q74GD49144XDCFBER,01KQP1WZ3Q74GD49144XDCFBER,0,0.4.7
1777783287240889000,iotbench/zigbee/event,event,light.benchmark_device,zigbee,W3_zigbee_auto_baseline_ch1,,0,state_changed,0,,,off,on,2026-05-03T07:35:17.231530+03:00,01KQP1X21APE8GV1HJNV19NYTT,01KQP1X21APE8GV1HJNV19NYTT,0,0.4.7
1777783290253508000,iotbench/zigbee/event,event,light.benchmark_device,zigbee,W3_zigbee_auto_baseline_ch1,,0,state_changed,0,,,on,off,2026-05-03T07:35:20.238369+03:00,01KQP1X4ZG5QX3PNWVZ7YQ0M8T,01KQP1X4ZG5QX3PNWVZ7YQ0M8T,0,0.4.7
1777783293092102000,iotbench/zigbee/event,event,light.benchmark_device,zigbee,W3_zigbee_auto_baseline_ch1,,0,state_changed,0,,,off,on,2026-05-03T07:35:23.076300+03:00,01KQP1X7R3ZFTV9M6FNXZZXTQE,01KQP1X7R3ZFTV9M6FNXZZXTQE,0,0.4.7
1777783296063004000,iotbench/zigbee/event,event,light.benchmark_device,zigbee,W3_zigbee_auto_baseline_ch1,,0,state_changed,0,,,on,off,2026-05-03T07:35:26.057573+03:00,01KQP1XANBQYATZ162J77ZEPM9,01KQP1XANBQYATZ162J77ZEPM9,0,0.4.7
1777783299048131000,iotbench/zigbee/event,event,light.benchmark_device,zigbee,W3_zigbee_auto_baseline_ch1,,0,state_changed,0,,,off,on,2026-05-03T07:35:29.042689+03:00,01KQP1XDJH8AGCZTMZZCW6MW2P,01KQP1XDJH8AGCZTMZZCW6MW2P,0,0.4.7
1777783302210332000,iotbench/zigbee/event,event,light.benchmark_device,zigbee,W3_zigbee_auto_baseline_ch1,,0,state_changed,0,,,on,off,2026-05-03T07:35:32.205100+03:00,01KQP1XGNEGNA2BFEVCQYX2817,01KQP1XGNEGNA2BFEVCQYX2817,0,0.4.7
1777783305431440000,iotbench/zigbee/event,event,light.benchmark_device,zigbee,W3_zigbee_auto_baseline_ch1,,0,state_changed,0,,,off,on,2026-05-03T07:35:35.415833+03:00,01KQP1XKSQD6AFBJX18QVVB5XP,01KQP1XKSQD6AFBJX18QVVB5XP,0,0.4.7
1777783308343035000,iotbench/zigbee/event,event,light.benchmark_device,zigbee,W3_zigbee_auto_baseline_ch1,,0,state_changed,0,,,on,off,2026-05-03T07:35:38.337835+03:00,01KQP1XPN0YPCWD2SQ3MPA22QW,01KQP1XPN0YPCWD2SQ3MPA22QW,0,0.4.7
1777783311385715000,iotbench/zigbee/event,event,light.benchmark_device,zigbee,W3_zigbee_auto_baseline_ch1,,0,state_changed,0,,,off,on,2026-05-03T07:35:41.378415+03:00,01KQP1XSM2T4VJSXM55PZPA4FN,01KQP1XSM2T4VJSXM55PZPA4FN,0,0.4.7
1777783319546024000,iotbench/zigbee/event,event,light.benchmark_device,zigbee,W3_zigbee_auto_baseline_ch1,,0,state_changed,0,,,on,off,2026-05-03T07:35:49.527351+03:00,01KQP1Y1MEEK23809HTP0NM63D,01KQP1Y1MEEK23809HTP0NM63D,0,0.4.7
1777783319617433000,iotbench/zigbee/event,event,light.benchmark_device,zigbee,W3_zigbee_auto_baseline_ch1,,0,state_changed,0,,,off,on,2026-05-03T07:35:49.612410+03:00,01KQP1Y1NFVRC0HJQ68VK9AQX3,01KQP1Y1NFVRC0HJQ68VK9AQX3,0,0.4.7
1777783320402126000,iotbench/zigbee/event,event,light.benchmark_device,zigbee,W3_zigbee_auto_baseline_ch1,,0,state_changed,0,,,on,off,2026-05-03T07:35:50.396797+03:00,01KQP1Y2DYN0RWCV432W17KQ6N,01KQP1Y2DYN0RWCV432W17KQ6N,0,0.4.7
