pi_rx_time_ns,topic,type,node,protocol,exp,t_local_us,bus_v,current_mA,power_mW,wifi_rssi,mqtt_retain,pipeline_version
1776142524441320000,iotbench/power/wifi01_power/sample,power,wifi01_power,wifi,W2_wifi_periodic_1s_quiet_v1,2063472,4.8675,153.8931,747.481,-28,0,0.2.1
1776142524640429000,iotbench/power/wifi01_power/sample,power,wifi01_power,wifi,W2_wifi_periodic_1s_quiet_v1,2263460,4.875,147.2489,720.6107,-29,0,0.2.1
1776142524840988000,iotbench/power/wifi01_power/sample,power,wifi01_power,wifi,W2_wifi_periodic_1s_quiet_v1,2463504,5.045,64.09771,312.6718,-36,0,0.2.1
1776142525350130000,iotbench/power/wifi01_power/sample,power,wifi01_power,wifi,W2_wifi_periodic_1s_quiet_v1,2963492,5.05,64.48855,324.8855,-28,0,0.2.1
1776142529941006000,iotbench/power/wifi01_power/sample,power,wifi01_power,wifi,W2_wifi_periodic_1s_quiet_v1,7563490,4.87,147.2489,683.9694,-28,0,0.2.1
1776142530041068000,iotbench/power/wifi01_power/sample,power,wifi01_power,wifi,W2_wifi_periodic_1s_quiet_v1,7663551,5.05,64.68397,327.3282,-27,0,0.2.1
1776142530240972000,iotbench/power/wifi01_power/sample,power,wifi01_power,wifi,W2_wifi_periodic_1s_quiet_v1,7863465,5.04375,64.68397,320,-27,0,0.2.1
1776142531242797000,iotbench/power/wifi01_power/sample,power,wifi01_power,wifi,W2_wifi_periodic_1s_quiet_v1,8863538,5.04375,64.68397,320,-27,0,0.2.1
1776142534943553000,iotbench/power/wifi01_power/sample,power,wifi01_power,wifi,W2_wifi_periodic_1s_quiet_v1,12563497,5.0425,64.68397,320,-28,0,0.2.1
1776142537541160000,iotbench/power/wifi01_power/sample,power,wifi01_power,wifi,W2_wifi_periodic_1s_quiet_v1,15163452,4.96,64.87939,320,-28,0,0.2.1
1776142539641041000,iotbench/power/wifi01_power/sample,power,wifi01_power,wifi,W2_wifi_periodic_1s_quiet_v1,17263520,5.0425,64.58626,320,-27,0,0.2.1
1776142544044307000,iotbench/power/wifi01_power/sample,power,wifi01_power,wifi,W2_wifi_periodic_1s_quiet_v1,21663503,5.04375,64,327.3282,-27,0,0.2.1
1776142546643019000,iotbench/power/wifi01_power/sample,power,wifi01_power,wifi,W2_wifi_periodic_1s_quiet_v1,24263520,5.04375,63.80457,320,-27,0,0.2.1
1776142547042440000,iotbench/power/wifi01_power/sample,power,wifi01_power,wifi,W2_wifi_periodic_1s_quiet_v1,24663503,5.045,63.70687,320,-28,0,0.2.1
1776142547541311000,iotbench/power/wifi01_power/sample,power,wifi01_power,wifi,W2_wifi_periodic_1s_quiet_v1,25163452,5.0475,63.80457,320,-27,0,0.2.1
1776142547641481000,iotbench/power/wifi01_power/sample,power,wifi01_power,wifi,W2_wifi_periodic_1s_quiet_v1,25263565,5.04375,63.80457,320,-27,0,0.2.1
1776142547941247000,iotbench/power/wifi01_power/sample,power,wifi01_power,wifi,W2_wifi_periodic_1s_quiet_v1,25563447,5.04375,63.80457,320,-28,0,0.2.1
1776142548341754000,iotbench/power/wifi01_power/sample,power,wifi01_power,wifi,W2_wifi_periodic_1s_quiet_v1,25963500,5.045,63.80457,320,-27,0,0.2.1
1776142548641311000,iotbench/power/wifi01_power/sample,power,wifi01_power,wifi,W2_wifi_periodic_1s_quiet_v1,26263484,5.04375,63.80457,320,-27,0,0.2.1
1776142548941237000,iotbench/power/wifi01_power/sample,power,wifi01_power,wifi,W2_wifi_periodic_1s_quiet_v1,26563449,5.045,63.80457,320,-28,0,0.2.1
1776142549243417000,iotbench/power/wifi01_power/sample,power,wifi01_power,wifi,W2_wifi_periodic_1s_quiet_v1,26863503,5.045,63.80457,320,-28,0,0.2.1
1776142549341377000,iotbench/power/wifi01_power/sample,power,wifi01_power,wifi,W2_wifi_periodic_1s_quiet_v1,26963565,5.045,63.80457,320,-28,0,0.2.1
1776142549441468000,iotbench/power/wifi01_power/sample,power,wifi01_power,wifi,W2_wifi_periodic_1s_quiet_v1,27063551,5.045,64,324.8855,-27,0,0.2.1
1776142549949289000,iotbench/power/wifi01_power/sample,power,wifi01_power,wifi,W2_wifi_periodic_1s_quiet_v1,27563509,5.045,63.80457,320,-28,0,0.2.1
1776142550242957000,iotbench/power/wifi01_power/sample,power,wifi01_power,wifi,W2_wifi_periodic_1s_quiet_v1,27863503,5.045,63.80457,320,-28,0,0.2.1
1776142550341344000,iotbench/power/wifi01_power/sample,power,wifi01_power,wifi,W2_wifi_periodic_1s_quiet_v1,27963570,5.045,63.80457,320,-27,0,0.2.1
1776142550641406000,iotbench/power/wifi01_power/sample,power,wifi01_power,wifi,W2_wifi_periodic_1s_quiet_v1,28263465,5.04375,64,324.8855,-28,0,0.2.1
1776142550943701000,iotbench/power/wifi01_power/sample,power,wifi01_power,wifi,W2_wifi_periodic_1s_quiet_v1,28563523,5.04375,63.80457,320,-27,0,0.2.1
1776142551241332000,iotbench/power/wifi01_power/sample,power,wifi01_power,wifi,W2_wifi_periodic_1s_quiet_v1,28863503,5.04375,63.60916,320,-27,0,0.2.1
1776142551341218000,iotbench/power/wifi01_power/sample,power,wifi01_power,wifi,W2_wifi_periodic_1s_quiet_v1,28963503,5.04625,63.80457,320,-28,0,0.2.1
1776142551641800000,iotbench/power/wifi01_power/sample,power,wifi01_power,wifi,W2_wifi_periodic_1s_quiet_v1,29263484,5.045,63.80457,320,-28,0,0.2.1
1776142551741456000,iotbench/power/wifi01_power/sample,power,wifi01_power,wifi,W2_wifi_periodic_1s_quiet_v1,29363567,5.045,63.80457,320,-27,0,0.2.1
1776142551943142000,iotbench/power/wifi01_power/sample,power,wifi01_power,wifi,W2_wifi_periodic_1s_quiet_v1,29563506,5.045,63.80457,320,-28,0,0.2.1
1776142552241488000,iotbench/power/wifi01_power/sample,power,wifi01_power,wifi,W2_wifi_periodic_1s_quiet_v1,29863503,5.04625,63.80457,320,-27,0,0.2.1
1776142552341549000,iotbench/power/wifi01_power/sample,power,wifi01_power,wifi,W2_wifi_periodic_1s_quiet_v1,29963565,5.04375,63.80457,320,-28,0,0.2.1
1776142552641794000,iotbench/power/wifi01_power/sample,power,wifi01_power,wifi,W2_wifi_periodic_1s_quiet_v1,30263446,5.04375,63.80457,320,-28,0,0.2.1
1776142552941549000,iotbench/power/wifi01_power/sample,power,wifi01_power,wifi,W2_wifi_periodic_1s_quiet_v1,30563523,5.045,63.80457,320,-27,0,0.2.1
1776142553043046000,iotbench/power/wifi01_power/sample,power,wifi01_power,wifi,W2_wifi_periodic_1s_quiet_v1,30663551,5.04625,63.80457,320,-28,0,0.2.1
1776142553341821000,iotbench/power/wifi01_power/sample,power,wifi01_power,wifi,W2_wifi_periodic_1s_quiet_v1,30963518,5.04375,63.80457,320,-27,0,0.2.1
1776142554045672000,iotbench/power/wifi01_power/sample,power,wifi01_power,wifi,W2_wifi_periodic_1s_quiet_v1,31663465,5.045,63.80457,320,-27,0,0.2.1
1776142554248570000,iotbench/power/wifi01_power/sample,power,wifi01_power,wifi,W2_wifi_periodic_1s_quiet_v1,31863520,5.0475,63.80457,320,-28,0,0.2.1
1776142554941330000,iotbench/power/wifi01_power/sample,power,wifi01_power,wifi,W2_wifi_periodic_1s_quiet_v1,32563506,5.045,63.80457,320,-28,0,0.2.1
1776142555041458000,iotbench/power/wifi01_power/sample,power,wifi01_power,wifi,W2_wifi_periodic_1s_quiet_v1,32663563,5.04375,63.80457,320,-28,0,0.2.1
1776142555641274000,iotbench/power/wifi01_power/sample,power,wifi01_power,wifi,W2_wifi_periodic_1s_quiet_v1,33263465,5.04375,63.80457,320,-28,0,0.2.1
1776142555943990000,iotbench/power/wifi01_power/sample,power,wifi01_power,wifi,W2_wifi_periodic_1s_quiet_v1,33563523,5.045,63.60916,320,-27,0,0.2.1
1776142556042134000,iotbench/power/wifi01_power/sample,power,wifi01_power,wifi,W2_wifi_periodic_1s_quiet_v1,33663512,5.045,63.80457,320,-27,0,0.2.1
1776142556741436000,iotbench/power/wifi01_power/sample,power,wifi01_power,wifi,W2_wifi_periodic_1s_quiet_v1,34363474,4.99625,63.80457,320,-28,0,0.2.1
1776142557041458000,iotbench/power/wifi01_power/sample,power,wifi01_power,wifi,W2_wifi_periodic_1s_quiet_v1,34663465,5.04375,63.80457,320,-28,0,0.2.1
1776142557541345000,iotbench/power/wifi01_power/sample,power,wifi01_power,wifi,W2_wifi_periodic_1s_quiet_v1,35163506,5.045,64,324.8855,-28,0,0.2.1
1776142557941737000,iotbench/power/wifi01_power/sample,power,wifi01_power,wifi,W2_wifi_periodic_1s_quiet_v1,35563523,5.0475,63.80457,320,-28,0,0.2.1
1776142558042908000,iotbench/power/wifi01_power/sample,power,wifi01_power,wifi,W2_wifi_periodic_1s_quiet_v1,35663516,5.0425,64,324.8855,-28,0,0.2.1
1776142559141203000,iotbench/power/wifi01_power/sample,power,wifi01_power,wifi,W2_wifi_periodic_1s_quiet_v1,36763506,5.045,63.90229,320,-28,0,0.2.1
1776142559243012000,iotbench/power/wifi01_power/sample,power,wifi01_power,wifi,W2_wifi_periodic_1s_quiet_v1,36863529,5.04375,64,324.8855,-27,0,0.2.1
1776142559641341000,iotbench/power/wifi01_power/sample,power,wifi01_power,wifi,W2_wifi_periodic_1s_quiet_v1,37263503,5.045,63.80457,320,-28,0,0.2.1
1776142560340955000,iotbench/power/wifi01_power/sample,power,wifi01_power,wifi,W2_wifi_periodic_1s_quiet_v1,37963556,5.04375,64,324.8855,-27,0,0.2.1
1776142560641258000,iotbench/power/wifi01_power/sample,power,wifi01_power,wifi,W2_wifi_periodic_1s_quiet_v1,38263484,5.0475,64,324.8855,-27,0,0.2.1
1776142561041705000,iotbench/power/wifi01_power/sample,power,wifi01_power,wifi,W2_wifi_periodic_1s_quiet_v1,38663542,5.035,64,324.8855,-28,0,0.2.1
1776142562441545000,iotbench/power/wifi01_power/sample,power,wifi01_power,wifi,W2_wifi_periodic_1s_quiet_v1,40063447,5.04375,64,324.8855,-28,0,0.2.1
1776142563541561000,iotbench/power/wifi01_power/sample,power,wifi01_power,wifi,W2_wifi_periodic_1s_quiet_v1,41163490,5.04375,64,327.3282,-28,0,0.2.1
1776142563841616000,iotbench/power/wifi01_power/sample,power,wifi01_power,wifi,W2_wifi_periodic_1s_quiet_v1,41463503,5.0425,64,320,-28,0,0.2.1
1776142564541445000,iotbench/power/wifi01_power/sample,power,wifi01_power,wifi,W2_wifi_periodic_1s_quiet_v1,42163452,5.04375,64,327.3282,-28,0,0.2.1
1776142565843004000,iotbench/power/wifi01_power/sample,power,wifi01_power,wifi,W2_wifi_periodic_1s_quiet_v1,43463465,5.04375,64,312.6718,-28,0,0.2.1
1776142569241860000,iotbench/power/wifi01_power/sample,power,wifi01_power,wifi,W2_wifi_periodic_1s_quiet_v1,46863520,5.04375,64,327.3282,-28,0,0.2.1
1776142569841511000,iotbench/power/wifi01_power/sample,power,wifi01_power,wifi,W2_wifi_periodic_1s_quiet_v1,47463520,5.04375,64,324.8855,-34,0,0.2.1
1776142569941359000,iotbench/power/wifi01_power/sample,power,wifi01_power,wifi,W2_wifi_periodic_1s_quiet_v1,47563534,5.04375,64,324.8855,-28,0,0.2.1
1776142570243106000,iotbench/power/wifi01_power/sample,power,wifi01_power,wifi,W2_wifi_periodic_1s_quiet_v1,47863503,5.045,64,324.8855,-28,0,0.2.1
1776142570341514000,iotbench/power/wifi01_power/sample,power,wifi01_power,wifi,W2_wifi_periodic_1s_quiet_v1,47963530,4.88,72.8916,368.855,-28,0,0.2.1
1776142571246855000,iotbench/power/wifi01_power/sample,power,wifi01_power,wifi,W2_wifi_periodic_1s_quiet_v1,48863484,5.04375,63.90229,320,-28,0,0.2.1
1776142571441692000,iotbench/power/wifi01_power/sample,power,wifi01_power,wifi,W2_wifi_periodic_1s_quiet_v1,49063484,5.04375,64,324.8855,-28,0,0.2.1
1776142572741663000,iotbench/power/wifi01_power/sample,power,wifi01_power,wifi,W2_wifi_periodic_1s_quiet_v1,50363477,5.0475,63.80457,320,-28,0,0.2.1
1776142573741899000,iotbench/power/wifi01_power/sample,power,wifi01_power,wifi,W2_wifi_periodic_1s_quiet_v1,51363473,5.04875,63.80457,320,-28,0,0.2.1
1776142574141905000,iotbench/power/wifi01_power/sample,power,wifi01_power,wifi,W2_wifi_periodic_1s_quiet_v1,51763523,5.045,63.80457,320,-28,0,0.2.1
1776142574342289000,iotbench/power/wifi01_power/sample,power,wifi01_power,wifi,W2_wifi_periodic_1s_quiet_v1,51963518,5.04375,64,324.8855,-28,0,0.2.1
1776142574841594000,iotbench/power/wifi01_power/sample,power,wifi01_power,wifi,W2_wifi_periodic_1s_quiet_v1,52463484,5.045,64,324.8855,-28,0,0.2.1
1776142576142728000,iotbench/power/wifi01_power/sample,power,wifi01_power,wifi,W2_wifi_periodic_1s_quiet_v1,53763490,5.045,63.80457,320,-28,0,0.2.1
1776142576243105000,iotbench/power/wifi01_power/sample,power,wifi01_power,wifi,W2_wifi_periodic_1s_quiet_v1,53863494,5.045,64,300.458,-28,0,0.2.1
1776142576441715000,iotbench/power/wifi01_power/sample,power,wifi01_power,wifi,W2_wifi_periodic_1s_quiet_v1,54063520,5.04625,63.70687,320,-28,0,0.2.1
1776142576541024000,iotbench/power/wifi01_power/sample,power,wifi01_power,wifi,W2_wifi_periodic_1s_quiet_v1,54163516,5.045,64,324.8855,-28,0,0.2.1
1776142577141669000,iotbench/power/wifi01_power/sample,power,wifi01_power,wifi,W2_wifi_periodic_1s_quiet_v1,54763523,5.045,64,324.8855,-28,0,0.2.1
1776142577441911000,iotbench/power/wifi01_power/sample,power,wifi01_power,wifi,W2_wifi_periodic_1s_quiet_v1,55063465,5.0475,64,324.8855,-28,0,0.2.1
1776142579643131000,iotbench/power/wifi01_power/sample,power,wifi01_power,wifi,W2_wifi_periodic_1s_quiet_v1,57263465,5.0425,64.78167,320,-28,0,0.2.1
1776142586342153000,iotbench/power/wifi01_power/sample,power,wifi01_power,wifi,W2_wifi_periodic_1s_quiet_v1,63963568,5.0425,64.19542,320,-28,0,0.2.1
1776142587041772000,iotbench/power/wifi01_power/sample,power,wifi01_power,wifi,W2_wifi_periodic_1s_quiet_v1,64663520,5.0425,64,327.3282,-28,0,0.2.1
1776142587641713000,iotbench/power/wifi01_power/sample,power,wifi01_power,wifi,W2_wifi_periodic_1s_quiet_v1,65263435,5.04375,64,324.8855,-28,0,0.2.1
1776142587741922000,iotbench/power/wifi01_power/sample,power,wifi01_power,wifi,W2_wifi_periodic_1s_quiet_v1,65363555,5.04375,64,324.8855,-28,0,0.2.1
1776142588041692000,iotbench/power/wifi01_power/sample,power,wifi01_power,wifi,W2_wifi_periodic_1s_quiet_v1,65663446,5.04375,64,320,-28,0,0.2.1
1776142588347899000,iotbench/power/wifi01_power/sample,power,wifi01_power,wifi,W2_wifi_periodic_1s_quiet_v1,65963499,5.0425,64,305.3435,-28,0,0.2.1
1776142588641737000,iotbench/power/wifi01_power/sample,power,wifi01_power,wifi,W2_wifi_periodic_1s_quiet_v1,66263446,5.04375,64,324.8855,-28,0,0.2.1
1776142588741868000,iotbench/power/wifi01_power/sample,power,wifi01_power,wifi,W2_wifi_periodic_1s_quiet_v1,66363555,5.045,64,324.8855,-28,0,0.2.1
1776142589041693000,iotbench/power/wifi01_power/sample,power,wifi01_power,wifi,W2_wifi_periodic_1s_quiet_v1,66663520,5.04375,64,320,-28,0,0.2.1
1776142589141371000,iotbench/power/wifi01_power/sample,power,wifi01_power,wifi,W2_wifi_periodic_1s_quiet_v1,66763566,5.04375,64,324.8855,-28,0,0.2.1
1776142589344011000,iotbench/power/wifi01_power/sample,power,wifi01_power,wifi,W2_wifi_periodic_1s_quiet_v1,66963567,5.04375,64,307.7863,-28,0,0.2.1
1776142589641675000,iotbench/power/wifi01_power/sample,power,wifi01_power,wifi,W2_wifi_periodic_1s_quiet_v1,67263465,5.045,64,324.8855,-28,0,0.2.1
1776142589741996000,iotbench/power/wifi01_power/sample,power,wifi01_power,wifi,W2_wifi_periodic_1s_quiet_v1,67363555,5.045,64,324.8855,-28,0,0.2.1
1776142589841828000,iotbench/power/wifi01_power/sample,power,wifi01_power,wifi,W2_wifi_periodic_1s_quiet_v1,67463572,4.9525,64,315.1145,-28,0,0.2.1
1776142590043923000,iotbench/power/wifi01_power/sample,power,wifi01_power,wifi,W2_wifi_periodic_1s_quiet_v1,67663520,5.045,64,315.1145,-28,0,0.2.1
1776142590243286000,iotbench/power/wifi01_power/sample,power,wifi01_power,wifi,W2_wifi_periodic_1s_quiet_v1,67863435,5.045,64,324.8855,-28,0,0.2.1
1776142590441558000,iotbench/power/wifi01_power/sample,power,wifi01_power,wifi,W2_wifi_periodic_1s_quiet_v1,68063484,5.04375,64,324.8855,-28,0,0.2.1
1776142590641796000,iotbench/power/wifi01_power/sample,power,wifi01_power,wifi,W2_wifi_periodic_1s_quiet_v1,68263447,5.04375,64,324.8855,-28,0,0.2.1
1776142590742028000,iotbench/power/wifi01_power/sample,power,wifi01_power,wifi,W2_wifi_periodic_1s_quiet_v1,68363567,5.04375,64,324.8855,-28,0,0.2.1
1776142591241696000,iotbench/power/wifi01_power/sample,power,wifi01_power,wifi,W2_wifi_periodic_1s_quiet_v1,68863446,5.045,64,324.8855,-28,0,0.2.1
1776142591341753000,iotbench/power/wifi01_power/sample,power,wifi01_power,wifi,W2_wifi_periodic_1s_quiet_v1,68963503,5.04375,64,324.8855,-28,0,0.2.1
1776142591541855000,iotbench/power/wifi01_power/sample,power,wifi01_power,wifi,W2_wifi_periodic_1s_quiet_v1,69163485,5.0475,64,324.8855,-28,0,0.2.1
1776142591641925000,iotbench/power/wifi01_power/sample,power,wifi01_power,wifi,W2_wifi_periodic_1s_quiet_v1,69263498,5.04375,64,324.8855,-34,0,0.2.1
1776142591742079000,iotbench/power/wifi01_power/sample,power,wifi01_power,wifi,W2_wifi_periodic_1s_quiet_v1,69363498,5.04375,64,324.8855,-28,0,0.2.1
1776142591941816000,iotbench/power/wifi01_power/sample,power,wifi01_power,wifi,W2_wifi_periodic_1s_quiet_v1,69563524,5.04375,64,324.8855,-28,0,0.2.1
1776142592141700000,iotbench/power/wifi01_power/sample,power,wifi01_power,wifi,W2_wifi_periodic_1s_quiet_v1,69763473,5.04375,64,324.8855,-28,0,0.2.1
1776142592550989000,iotbench/power/wifi01_power/sample,power,wifi01_power,wifi,W2_wifi_periodic_1s_quiet_v1,70163506,5.05,64,324.8855,-28,0,0.2.1
1776142592741777000,iotbench/power/wifi01_power/sample,power,wifi01_power,wifi,W2_wifi_periodic_1s_quiet_v1,70363492,5.045,64.09771,320,-28,0,0.2.1
1776142592941738000,iotbench/power/wifi01_power/sample,power,wifi01_power,wifi,W2_wifi_periodic_1s_quiet_v1,70563473,5.045,64,324.8855,-28,0,0.2.1
1776142593141732000,iotbench/power/wifi01_power/sample,power,wifi01_power,wifi,W2_wifi_periodic_1s_quiet_v1,70763483,5.0425,64,324.8855,-28,0,0.2.1
1776142594145269000,iotbench/power/wifi01_power/sample,power,wifi01_power,wifi,W2_wifi_periodic_1s_quiet_v1,71763485,5.04375,64,320,-28,0,0.2.1
1776142594243599000,iotbench/power/wifi01_power/sample,power,wifi01_power,wifi,W2_wifi_periodic_1s_quiet_v1,71863494,5.04625,64,324.8855,-28,0,0.2.1
1776142597441770000,iotbench/power/wifi01_power/sample,power,wifi01_power,wifi,W2_wifi_periodic_1s_quiet_v1,75063469,5.0425,64.87939,320,-28,0,0.2.1
1776142601147692000,iotbench/power/wifi01_power/sample,power,wifi01_power,wifi,W2_wifi_periodic_1s_quiet_v1,78763438,5.04,65.07481,320,-29,0,0.2.1
1776142603146272000,iotbench/power/wifi01_power/sample,power,wifi01_power,wifi,W2_wifi_periodic_1s_quiet_v1,80763517,5.04125,64.87939,320,-29,0,0.2.1
1776142604741635000,iotbench/power/wifi01_power/sample,power,wifi01_power,wifi,W2_wifi_periodic_1s_quiet_v1,82363451,4.92625,64.9771,320,-29,0,0.2.1
1776142609042084000,iotbench/power/wifi01_power/sample,power,wifi01_power,wifi,W2_wifi_periodic_1s_quiet_v1,86663445,4.98125,64.48855,320,-28,0,0.2.1
1776142612943834000,iotbench/power/wifi01_power/sample,power,wifi01_power,wifi,W2_wifi_periodic_1s_quiet_v1,90563523,5.0425,64,324.8855,-28,0,0.2.1
1776142613948036000,iotbench/power/wifi01_power/sample,power,wifi01_power,wifi,W2_wifi_periodic_1s_quiet_v1,91563449,5.045,64,324.8855,-28,0,0.2.1
1776142614941349000,iotbench/power/wifi01_power/sample,power,wifi01_power,wifi,W2_wifi_periodic_1s_quiet_v1,92563506,5.04375,64,324.8855,-28,0,0.2.1
1776142615942743000,iotbench/power/wifi01_power/sample,power,wifi01_power,wifi,W2_wifi_periodic_1s_quiet_v1,93563523,5.04375,64,324.8855,-28,0,0.2.1
1776142616242372000,iotbench/power/wifi01_power/sample,power,wifi01_power,wifi,W2_wifi_periodic_1s_quiet_v1,93863503,5.04375,64,312.6718,-28,0,0.2.1
1776142616642365000,iotbench/power/wifi01_power/sample,power,wifi01_power,wifi,W2_wifi_periodic_1s_quiet_v1,94263520,5.04375,64,324.8855,-28,0,0.2.1
1776142616944001000,iotbench/power/wifi01_power/sample,power,wifi01_power,wifi,W2_wifi_periodic_1s_quiet_v1,94563523,5.045,64,324.8855,-28,0,0.2.1
1776142617242115000,iotbench/power/wifi01_power/sample,power,wifi01_power,wifi,W2_wifi_periodic_1s_quiet_v1,94863446,5.045,64,305.3435,-28,0,0.2.1
1776142617941784000,iotbench/power/wifi01_power/sample,power,wifi01_power,wifi,W2_wifi_periodic_1s_quiet_v1,95563523,5.04375,64,324.8855,-28,0,0.2.1
1776142618442498000,iotbench/power/wifi01_power/sample,power,wifi01_power,wifi,W2_wifi_periodic_1s_quiet_v1,96063506,5.045,64,324.8855,-28,0,0.2.1
1776142618942442000,iotbench/power/wifi01_power/sample,power,wifi01_power,wifi,W2_wifi_periodic_1s_quiet_v1,96563506,5.0425,64.09771,320,-28,0,0.2.1
1776142619442542000,iotbench/power/wifi01_power/sample,power,wifi01_power,wifi,W2_wifi_periodic_1s_quiet_v1,97063520,5.04625,64,324.8855,-28,0,0.2.1
1776142627042495000,iotbench/power/wifi01_power/sample,power,wifi01_power,wifi,W2_wifi_periodic_1s_quiet_v1,104663465,5.0425,64,324.8855,-28,0,0.2.1
1776142627744482000,iotbench/power/wifi01_power/sample,power,wifi01_power,wifi,W2_wifi_periodic_1s_quiet_v1,105363449,5.0425,64,324.8855,-28,0,0.2.1
1776142628242386000,iotbench/power/wifi01_power/sample,power,wifi01_power,wifi,W2_wifi_periodic_1s_quiet_v1,105863484,5.0125,64,320,-28,0,0.2.1
1776142636243699000,iotbench/power/wifi01_power/sample,power,wifi01_power,wifi,W2_wifi_periodic_1s_quiet_v1,113863520,5.045,64,324.8855,-28,0,0.2.1
1776142644642901000,iotbench/power/wifi01_power/sample,power,wifi01_power,wifi,W2_wifi_periodic_1s_quiet_v1,122263520,5.045,64,324.8855,-28,0,0.2.1
1776142886486987000,iotbench/power/wifi01_power/sample,power,wifi01_power,wifi,W2_wifi_periodic_1s_quiet_v1,2051498,4.87,146.174,713.2824,-27,0,0.2.1
1776142886585500000,iotbench/power/wifi01_power/sample,power,wifi01_power,wifi,W2_wifi_periodic_1s_quiet_v1,2151493,5.04375,63.60916,320,-28,0,0.2.1
1776142886686005000,iotbench/power/wifi01_power/sample,power,wifi01_power,wifi,W2_wifi_periodic_1s_quiet_v1,2251504,5.04125,63.60916,320,-27,0,0.2.1
1776142886786539000,iotbench/power/wifi01_power/sample,power,wifi01_power,wifi,W2_wifi_periodic_1s_quiet_v1,2351550,5.045,63.51145,320,-27,0,0.2.1
1776142886986385000,iotbench/power/wifi01_power/sample,power,wifi01_power,wifi,W2_wifi_periodic_1s_quiet_v1,2551527,4.875,146.5649,715.7252,-27,0,0.2.1
1776142887086414000,iotbench/power/wifi01_power/sample,power,wifi01_power,wifi,W2_wifi_periodic_1s_quiet_v1,2651506,5.045,63.60916,320,-28,0,0.2.1
1776142887186435000,iotbench/power/wifi01_power/sample,power,wifi01_power,wifi,W2_wifi_periodic_1s_quiet_v1,2751562,5.04375,63.70687,320,-28,0,0.2.1
1776142887286398000,iotbench/power/wifi01_power/sample,power,wifi01_power,wifi,W2_wifi_periodic_1s_quiet_v1,2851511,5.04375,63.70687,320,-27,0,0.2.1
1776142887386393000,iotbench/power/wifi01_power/sample,power,wifi01_power,wifi,W2_wifi_periodic_1s_quiet_v1,2951533,5.04875,63.70687,320,-27,0,0.2.1
1776142887588687000,iotbench/power/wifi01_power/sample,power,wifi01_power,wifi,W2_wifi_periodic_1s_quiet_v1,3151502,5.04375,63.80457,320,-27,0,0.2.1
1776142887686434000,iotbench/power/wifi01_power/sample,power,wifi01_power,wifi,W2_wifi_periodic_1s_quiet_v1,3251558,5.0425,63.70687,320,-34,0,0.2.1
1776142887786365000,iotbench/power/wifi01_power/sample,power,wifi01_power,wifi,W2_wifi_periodic_1s_quiet_v1,3351492,5.045,63.70687,320,-35,0,0.2.1
1776142888086290000,iotbench/power/wifi01_power/sample,power,wifi01_power,wifi,W2_wifi_periodic_1s_quiet_v1,3651453,5.04625,63.70687,320,-27,0,0.2.1
1776142888186289000,iotbench/power/wifi01_power/sample,power,wifi01_power,wifi,W2_wifi_periodic_1s_quiet_v1,3751558,5.04375,63.80457,320,-27,0,0.2.1
1776142888387680000,iotbench/power/wifi01_power/sample,power,wifi01_power,wifi,W2_wifi_periodic_1s_quiet_v1,3951512,5.04375,63.80457,320,-28,0,0.2.1
1776142888792131000,iotbench/power/wifi01_power/sample,power,wifi01_power,wifi,W2_wifi_periodic_1s_quiet_v1,4351467,5.04375,63.80457,320,-31,0,0.2.1
1776142889086044000,iotbench/power/wifi01_power/sample,power,wifi01_power,wifi,W2_wifi_periodic_1s_quiet_v1,4651434,5.0475,63.60916,320,-30,0,0.2.1
1776142889686137000,iotbench/power/wifi01_power/sample,power,wifi01_power,wifi,W2_wifi_periodic_1s_quiet_v1,5251488,5.0425,64,324.8855,-30,0,0.2.1
1776142890685796000,iotbench/power/wifi01_power/sample,power,wifi01_power,wifi,W2_wifi_periodic_1s_quiet_v1,6251434,5.04125,64,324.8855,-30,0,0.2.1
1776142890786182000,iotbench/power/wifi01_power/sample,power,wifi01_power,wifi,W2_wifi_periodic_1s_quiet_v1,6351560,5.0425,64,324.8855,-30,0,0.2.1
1776142891086394000,iotbench/power/wifi01_power/sample,power,wifi01_power,wifi,W2_wifi_periodic_1s_quiet_v1,6651459,5.05,64.19542,324.8855,-36,0,0.2.1
1776142891586285000,iotbench/power/wifi01_power/sample,power,wifi01_power,wifi,W2_wifi_periodic_1s_quiet_v1,7151471,5.04,64.9771,305.3435,-29,0,0.2.1
1776142893092079000,iotbench/power/wifi01_power/sample,power,wifi01_power,wifi,W2_wifi_periodic_1s_quiet_v1,8651488,5.04,64.68397,327.3282,-29,0,0.2.1
1776142893986551000,iotbench/power/wifi01_power/sample,power,wifi01_power,wifi,W2_wifi_periodic_1s_quiet_v1,9551437,5.04,65.27023,324.8855,-30,0,0.2.1
1776142894088945000,iotbench/power/wifi01_power/sample,power,wifi01_power,wifi,W2_wifi_periodic_1s_quiet_v1,9651555,5.04,65.07481,327.3282,-29,0,0.2.1
1776142894186442000,iotbench/power/wifi01_power/sample,power,wifi01_power,wifi,W2_wifi_periodic_1s_quiet_v1,9751555,5.04,65.27023,327.3282,-29,0,0.2.1
1776142894386497000,iotbench/power/wifi01_power/sample,power,wifi01_power,wifi,W2_wifi_periodic_1s_quiet_v1,9951494,5.04,65.07481,327.3282,-30,0,0.2.1
1776142895986396000,iotbench/power/wifi01_power/sample,power,wifi01_power,wifi,W2_wifi_periodic_1s_quiet_v1,11551501,5.0425,64.9771,320,-29,0,0.2.1
1776142903386640000,iotbench/power/wifi01_power/sample,power,wifi01_power,wifi,W2_wifi_periodic_1s_quiet_v1,18951530,5.0425,64.19542,320,-28,0,0.2.1
1776142904086546000,iotbench/power/wifi01_power/sample,power,wifi01_power,wifi,W2_wifi_periodic_1s_quiet_v1,19651517,5.0425,64,327.3282,-29,0,0.2.1
1776142905386736000,iotbench/power/wifi01_power/sample,power,wifi01_power,wifi,W2_wifi_periodic_1s_quiet_v1,20951550,5.0425,64,312.6718,-28,0,0.2.1
1776142905986663000,iotbench/power/wifi01_power/sample,power,wifi01_power,wifi,W2_wifi_periodic_1s_quiet_v1,21551521,5.04375,64,324.8855,-29,0,0.2.1
1776142906586619000,iotbench/power/wifi01_power/sample,power,wifi01_power,wifi,W2_wifi_periodic_1s_quiet_v1,22151444,5.04625,64,324.8855,-29,0,0.2.1
1776142906686854000,iotbench/power/wifi01_power/sample,power,wifi01_power,wifi,W2_wifi_periodic_1s_quiet_v1,22251524,5.04125,63.90229,320,-29,0,0.2.1
1776142907288220000,iotbench/power/wifi01_power/sample,power,wifi01_power,wifi,W2_wifi_periodic_1s_quiet_v1,22851513,5.0425,64,324.8855,-35,0,0.2.1
1776142907386905000,iotbench/power/wifi01_power/sample,power,wifi01_power,wifi,W2_wifi_periodic_1s_quiet_v1,22951517,5.0425,64,324.8855,-29,0,0.2.1
1776142907588555000,iotbench/power/wifi01_power/sample,power,wifi01_power,wifi,W2_wifi_periodic_1s_quiet_v1,23151468,5.04625,64,324.8855,-29,0,0.2.1
1776142907686672000,iotbench/power/wifi01_power/sample,power,wifi01_power,wifi,W2_wifi_periodic_1s_quiet_v1,23251492,5.0425,64,324.8855,-29,0,0.2.1
1776142908286827000,iotbench/power/wifi01_power/sample,power,wifi01_power,wifi,W2_wifi_periodic_1s_quiet_v1,23851456,5.04375,64,324.8855,-29,0,0.2.1
1776142908786800000,iotbench/power/wifi01_power/sample,power,wifi01_power,wifi,W2_wifi_periodic_1s_quiet_v1,24351479,5.0425,63.80457,320,-35,0,0.2.1
1776142909186708000,iotbench/power/wifi01_power/sample,power,wifi01_power,wifi,W2_wifi_periodic_1s_quiet_v1,24751457,4.95375,64,324.8855,-29,0,0.2.1
1776142909286958000,iotbench/power/wifi01_power/sample,power,wifi01_power,wifi,W2_wifi_periodic_1s_quiet_v1,24851549,5.0425,63.80457,320,-28,0,0.2.1
1776142909786732000,iotbench/power/wifi01_power/sample,power,wifi01_power,wifi,W2_wifi_periodic_1s_quiet_v1,25351511,5.045,63.80457,320,-29,0,0.2.1
1776142909886821000,iotbench/power/wifi01_power/sample,power,wifi01_power,wifi,W2_wifi_periodic_1s_quiet_v1,25451555,5.04375,64,324.8855,-29,0,0.2.1
1776142909988197000,iotbench/power/wifi01_power/sample,power,wifi01_power,wifi,W2_wifi_periodic_1s_quiet_v1,25551543,5.04125,64,324.8855,-28,0,0.2.1
1776142911087915000,iotbench/power/wifi01_power/sample,power,wifi01_power,wifi,W2_wifi_periodic_1s_quiet_v1,26651500,5.04375,63.80457,320,-29,0,0.2.1
1776142911186793000,iotbench/power/wifi01_power/sample,power,wifi01_power,wifi,W2_wifi_periodic_1s_quiet_v1,26751521,5.04125,64,324.8855,-28,0,0.2.1
1776142911288381000,iotbench/power/wifi01_power/sample,power,wifi01_power,wifi,W2_wifi_periodic_1s_quiet_v1,26851521,5.0475,64,324.8855,-28,0,0.2.1
1776142911386863000,iotbench/power/wifi01_power/sample,power,wifi01_power,wifi,W2_wifi_periodic_1s_quiet_v1,26951517,5.04375,64,324.8855,-29,0,0.2.1
1776142911586691000,iotbench/power/wifi01_power/sample,power,wifi01_power,wifi,W2_wifi_periodic_1s_quiet_v1,27151477,5.04375,64,324.8855,-28,0,0.2.1
1776142911686961000,iotbench/power/wifi01_power/sample,power,wifi01_power,wifi,W2_wifi_periodic_1s_quiet_v1,27251486,5.0425,64,324.8855,-28,0,0.2.1
1776142911886731000,iotbench/power/wifi01_power/sample,power,wifi01_power,wifi,W2_wifi_periodic_1s_quiet_v1,27451518,5.04125,64,324.8855,-29,0,0.2.1
1776142911987000000,iotbench/power/wifi01_power/sample,power,wifi01_power,wifi,W2_wifi_periodic_1s_quiet_v1,27551566,5.0425,64,324.8855,-29,0,0.2.1
1776142912088293000,iotbench/power/wifi01_power/sample,power,wifi01_power,wifi,W2_wifi_periodic_1s_quiet_v1,27651506,5.0425,64,324.8855,-29,0,0.2.1
1776142912188414000,iotbench/power/wifi01_power/sample,power,wifi01_power,wifi,W2_wifi_periodic_1s_quiet_v1,27751549,5.0425,64,324.8855,-28,0,0.2.1
1776142912286478000,iotbench/power/wifi01_power/sample,power,wifi01_power,wifi,W2_wifi_periodic_1s_quiet_v1,27851533,5.0475,64,324.8855,-28,0,0.2.1
1776142912986961000,iotbench/power/wifi01_power/sample,power,wifi01_power,wifi,W2_wifi_periodic_1s_quiet_v1,28551492,5.045,63.70687,320,-35,0,0.2.1
1776142913588038000,iotbench/power/wifi01_power/sample,power,wifi01_power,wifi,W2_wifi_periodic_1s_quiet_v1,29151511,5.0425,64,324.8855,-29,0,0.2.1
1776142913988847000,iotbench/power/wifi01_power/sample,power,wifi01_power,wifi,W2_wifi_periodic_1s_quiet_v1,29551479,5.04625,63.80457,320,-28,0,0.2.1
1776142914392987000,iotbench/power/wifi01_power/sample,power,wifi01_power,wifi,W2_wifi_periodic_1s_quiet_v1,29951559,5.04375,64,324.8855,-29,0,0.2.1
1776142914786810000,iotbench/power/wifi01_power/sample,power,wifi01_power,wifi,W2_wifi_periodic_1s_quiet_v1,30351443,4.91625,64,315.1145,-28,0,0.2.1
1776142914886748000,iotbench/power/wifi01_power/sample,power,wifi01_power,wifi,W2_wifi_periodic_1s_quiet_v1,30451492,5.0425,64,324.8855,-28,0,0.2.1
1776142916186826000,iotbench/power/wifi01_power/sample,power,wifi01_power,wifi,W2_wifi_periodic_1s_quiet_v1,31751546,5.04375,63.90229,320,-29,0,0.2.1
1776142916686614000,iotbench/power/wifi01_power/sample,power,wifi01_power,wifi,W2_wifi_periodic_1s_quiet_v1,32251494,5.045,63.70687,320,-28,0,0.2.1
1776142918489021000,iotbench/power/wifi01_power/sample,power,wifi01_power,wifi,W2_wifi_periodic_1s_quiet_v1,34051444,5.0425,64,324.8855,-28,0,0.2.1
1776142918590090000,iotbench/power/wifi01_power/sample,power,wifi01_power,wifi,W2_wifi_periodic_1s_quiet_v1,34151493,5.04375,64,324.8855,-28,0,0.2.1
1776142918693529000,iotbench/power/wifi01_power/sample,power,wifi01_power,wifi,W2_wifi_periodic_1s_quiet_v1,34251557,5.0475,64,324.8855,-28,0,0.2.1
1776142918886919000,iotbench/power/wifi01_power/sample,power,wifi01_power,wifi,W2_wifi_periodic_1s_quiet_v1,34451478,5.04375,64,324.8855,-29,0,0.2.1
1776142919086952000,iotbench/power/wifi01_power/sample,power,wifi01_power,wifi,W2_wifi_periodic_1s_quiet_v1,34651515,4.9625,64,315.1145,-35,0,0.2.1
1776142919288179000,iotbench/power/wifi01_power/sample,power,wifi01_power,wifi,W2_wifi_periodic_1s_quiet_v1,34851441,5.0425,64,324.8855,-28,0,0.2.1
1776142919386805000,iotbench/power/wifi01_power/sample,power,wifi01_power,wifi,W2_wifi_periodic_1s_quiet_v1,34951492,5.04375,64,324.8855,-29,0,0.2.1
1776142919686482000,iotbench/power/wifi01_power/sample,power,wifi01_power,wifi,W2_wifi_periodic_1s_quiet_v1,35251434,5.0425,64,324.8855,-29,0,0.2.1
1776142919986687000,iotbench/power/wifi01_power/sample,power,wifi01_power,wifi,W2_wifi_periodic_1s_quiet_v1,35551459,5.04125,64,324.8855,-29,0,0.2.1
1776142920288356000,iotbench/power/wifi01_power/sample,power,wifi01_power,wifi,W2_wifi_periodic_1s_quiet_v1,35851472,5.0425,64,324.8855,-29,0,0.2.1
1776142920392339000,iotbench/power/wifi01_power/sample,power,wifi01_power,wifi,W2_wifi_periodic_1s_quiet_v1,35951526,5.045,63.80457,320,-28,0,0.2.1
1776142920688011000,iotbench/power/wifi01_power/sample,power,wifi01_power,wifi,W2_wifi_periodic_1s_quiet_v1,36251472,5.0425,64,324.8855,-28,0,0.2.1
1776142922586548000,iotbench/power/wifi01_power/sample,power,wifi01_power,wifi,W2_wifi_periodic_1s_quiet_v1,38151457,5.0425,64.78167,320,-28,0,0.2.1
1776142938288630000,iotbench/power/wifi01_power/sample,power,wifi01_power,wifi,W2_wifi_periodic_1s_quiet_v1,53851517,4.97125,64.29312,320,-30,0,0.2.1
1776142939387008000,iotbench/power/wifi01_power/sample,power,wifi01_power,wifi,W2_wifi_periodic_1s_quiet_v1,54951549,5.0425,64.19542,320,-31,0,0.2.1
1776142940387085000,iotbench/power/wifi01_power/sample,power,wifi01_power,wifi,W2_wifi_periodic_1s_quiet_v1,55951494,5.0425,64,307.7863,-36,0,0.2.1
1776142941087016000,iotbench/power/wifi01_power/sample,power,wifi01_power,wifi,W2_wifi_periodic_1s_quiet_v1,56651440,5.0425,64.09771,320,-36,0,0.2.1
1776142941586916000,iotbench/power/wifi01_power/sample,power,wifi01_power,wifi,W2_wifi_periodic_1s_quiet_v1,57151458,5.04625,64,324.8855,-37,0,0.2.1
1776142942587126000,iotbench/power/wifi01_power/sample,power,wifi01_power,wifi,W2_wifi_periodic_1s_quiet_v1,58151451,5.02125,64.09771,320,-37,0,0.2.1
1776142943787427000,iotbench/power/wifi01_power/sample,power,wifi01_power,wifi,W2_wifi_periodic_1s_quiet_v1,59351460,5.0425,64,324.8855,-37,0,0.2.1
1776142944088719000,iotbench/power/wifi01_power/sample,power,wifi01_power,wifi,W2_wifi_periodic_1s_quiet_v1,59651514,5.0425,64,307.7863,-30,0,0.2.1
1776142944487133000,iotbench/power/wifi01_power/sample,power,wifi01_power,wifi,W2_wifi_periodic_1s_quiet_v1,60051444,5.0425,64,324.8855,-37,0,0.2.1
1776142945787223000,iotbench/power/wifi01_power/sample,power,wifi01_power,wifi,W2_wifi_periodic_1s_quiet_v1,61351471,5.04375,64,312.6718,-30,0,0.2.1
1776142947487030000,iotbench/power/wifi01_power/sample,power,wifi01_power,wifi,W2_wifi_periodic_1s_quiet_v1,63051478,5.0425,64,324.8855,-36,0,0.2.1
1776142948089338000,iotbench/power/wifi01_power/sample,power,wifi01_power,wifi,W2_wifi_periodic_1s_quiet_v1,63651514,5.0425,64,324.8855,-30,0,0.2.1
1776142948491892000,iotbench/power/wifi01_power/sample,power,wifi01_power,wifi,W2_wifi_periodic_1s_quiet_v1,64051478,5.04125,64.09771,320,-37,0,0.2.1
1776142950486499000,iotbench/power/wifi01_power/sample,power,wifi01_power,wifi,W2_wifi_periodic_1s_quiet_v1,66051498,5.0425,64,312.6718,-30,0,0.2.1
1776142951187556000,iotbench/power/wifi01_power/sample,power,wifi01_power,wifi,W2_wifi_periodic_1s_quiet_v1,66751548,5.0425,64,324.8855,-30,0,0.2.1
1776142953087508000,iotbench/power/wifi01_power/sample,power,wifi01_power,wifi,W2_wifi_periodic_1s_quiet_v1,68651477,5.0425,64,324.8855,-30,0,0.2.1
1776142954087909000,iotbench/power/wifi01_power/sample,power,wifi01_power,wifi,W2_wifi_periodic_1s_quiet_v1,69651472,5.04125,64,324.8855,-30,0,0.2.1
1776142956289563000,iotbench/power/wifi01_power/sample,power,wifi01_power,wifi,W2_wifi_periodic_1s_quiet_v1,71851507,5.0425,64,324.8855,-30,0,0.2.1
1776142957487541000,iotbench/power/wifi01_power/sample,power,wifi01_power,wifi,W2_wifi_periodic_1s_quiet_v1,73051489,4.98375,64.09771,320,-35,0,0.2.1
1776142957887611000,iotbench/power/wifi01_power/sample,power,wifi01_power,wifi,W2_wifi_periodic_1s_quiet_v1,73451477,5.0425,64,307.7863,-36,0,0.2.1
1776142958587445000,iotbench/power/wifi01_power/sample,power,wifi01_power,wifi,W2_wifi_periodic_1s_quiet_v1,74151442,5.04375,64.48855,320,-30,0,0.2.1
1776142959589421000,iotbench/power/wifi01_power/sample,power,wifi01_power,wifi,W2_wifi_periodic_1s_quiet_v1,75151501,5.0425,64.68397,320,-30,0,0.2.1
1776142963288688000,iotbench/power/wifi01_power/sample,power,wifi01_power,wifi,W2_wifi_periodic_1s_quiet_v1,78851443,5.04,65.85648,320,-36,0,0.2.1
1776142968987391000,iotbench/power/wifi01_power/sample,power,wifi01_power,wifi,W2_wifi_periodic_1s_quiet_v1,84551467,5.04125,64,312.6718,-30,0,0.2.1
1776142971188103000,iotbench/power/wifi01_power/sample,power,wifi01_power,wifi,W2_wifi_periodic_1s_quiet_v1,86751447,5.04625,64,324.8855,-36,0,0.2.1
1776142974887681000,iotbench/power/wifi01_power/sample,power,wifi01_power,wifi,W2_wifi_periodic_1s_quiet_v1,90451517,5.045,64,324.8855,-36,0,0.2.1
1776142976688063000,iotbench/power/wifi01_power/sample,power,wifi01_power,wifi,W2_wifi_periodic_1s_quiet_v1,92251509,4.995,64.19542,320,-36,0,0.2.1
1776142977087591000,iotbench/power/wifi01_power/sample,power,wifi01_power,wifi,W2_wifi_periodic_1s_quiet_v1,92651443,5.0425,64.19542,320,-30,0,0.2.1
1776142980787679000,iotbench/power/wifi01_power/sample,power,wifi01_power,wifi,W2_wifi_periodic_1s_quiet_v1,96351459,5.0425,64.09771,320,-30,0,0.2.1
1776142981787775000,iotbench/power/wifi01_power/sample,power,wifi01_power,wifi,W2_wifi_periodic_1s_quiet_v1,97351501,5.04375,64.19542,320,-30,0,0.2.1
1776142984487644000,iotbench/power/wifi01_power/sample,power,wifi01_power,wifi,W2_wifi_periodic_1s_quiet_v1,100051468,5.0425,64.19542,320,-36,0,0.2.1
1776143015588036000,iotbench/power/wifi01_power/sample,power,wifi01_power,wifi,W2_wifi_periodic_1s_quiet_v1,131151490,5.045,64,324.8855,-30,0,0.2.1
1776143019288348000,iotbench/power/wifi01_power/sample,power,wifi01_power,wifi,W2_wifi_periodic_1s_quiet_v1,134851467,5.045,64,324.8855,-30,0,0.2.1
1776143034088374000,iotbench/power/wifi01_power/sample,power,wifi01_power,wifi,W2_wifi_periodic_1s_quiet_v1,149651443,5.04,65.66106,320,-36,0,0.2.1
1776143051491537000,iotbench/power/wifi01_power/sample,power,wifi01_power,wifi,W2_wifi_periodic_1s_quiet_v1,167051528,5.04,64.87939,320,-30,0,0.2.1
1776143063794721000,iotbench/power/wifi01_power/sample,power,wifi01_power,wifi,W2_wifi_periodic_1s_quiet_v1,179351501,5.04,64.29312,320,-37,0,0.2.1
1776143132389912000,iotbench/power/wifi01_power/sample,power,wifi01_power,wifi,W2_wifi_periodic_1s_quiet_v1,247951567,5.04,65.66106,320,-30,0,0.2.1
1776143144692639000,iotbench/power/wifi01_power/sample,power,wifi01_power,wifi,W2_wifi_periodic_1s_quiet_v1,260251507,5.04,64.78167,320,-31,0,0.2.1
1776143152890784000,iotbench/power/wifi01_power/sample,power,wifi01_power,wifi,W2_wifi_periodic_1s_quiet_v1,268451466,5.04,65.46564,320,-37,0,0.2.1
1776143160392248000,iotbench/power/wifi01_power/sample,power,wifi01_power,wifi,W2_wifi_periodic_1s_quiet_v1,275951533,5.04,65.66106,320,-37,0,0.2.1
1776143176793935000,iotbench/power/wifi01_power/sample,power,wifi01_power,wifi,W2_wifi_periodic_1s_quiet_v1,292351469,5.04,65.36794,320,-30,0,0.2.1
1776143184290571000,iotbench/power/wifi01_power/sample,power,wifi01_power,wifi,W2_wifi_periodic_1s_quiet_v1,299851516,5.04,64.39084,320,-36,0,0.2.1
